PEH bugs in Mutter,,
List of buggy functions and commit ID,,
mutter/src/backends/meta-remote-desktop-session.c,342,1a1a16324b8beb9502482c716cdfb73ffdde45e4
mutter/src/backends/meta-screen-cast-stream.c,152,70c6d28fca0768415277d4e6556212d068910ced
mutter/src/backends/meta-screen-cast-session.c,146,97f2c7c16137355e3c3a64e6e80b7d5512d3b587
mutter/src/backends/meta-screen-cast-session.c,332,921b18f7131342c1d90dc94db073b263cf53afed
mutter/src/backends/meta-remote-desktop-session.c,446,97f2c7c16137355e3c3a64e6e80b7d5512d3b587
List of buggy functions and commit ID,,
mutter/src/core/boxes.c,706,6f9e75b6f26922132713162cfe858c9e7f19385d
mutter/src/backends/meta-monitor-config-manager.c,898,aeea2882e5910239dc3187147caa91bb8203a6f8
mutter/src/backends/meta-monitor-config-manager.c,973,aeea2882e5910239dc3187147caa91bb8203a6f8
,,
PEH bugs in Redis,,
List of buggy functions and commit ID,,
redis/src/t_hash.c,1543,f2db379fa3f6e0c0d81350fd0f29febea95df469
redis/src/bitops.c,463,f2db379fa3f6e0c0d81350fd0f29febea95df469
redis/src/bitops.c,532,e82c1aedeaa7aee8c6290d6ceaafb347996eb671
redis/src/t_stream.c,1855,f2db379fa3f6e0c0d81350fd0f29febea95df469
redis/src/t_stream.c,2023,814aad65f16ed27cb68c4177e4f8b61d7edb31e1
List of buggy functions and commit ID,,
redis/src/networking.c,734,40eb548a80797b93cc733876654ff0978d7381cf
redis/src/functions.c,568,885f6b5cebf80108a857cd50a4b84f5daf013e29
redis/src/networking.c,452,40eb548a80797b93cc733876654ff0978d7381cf
List of buggy functions and commit ID,,
redis/src/dict.c,606,56976ffb4940b95cc3746b115d7f957c9e4b20f8
redis/src/t_zset.c,1599,d8fd48c4363dd5265bb944c6ec881368d67f4afd
redis/src/t_zset.c,1916,dda0f37f115ef2d58333df94de05ee0b05b3df59
redis/src/dict.c,1646,4afa243ff18a8863650906fd4b5f9dce0d5ba106
List of buggy functions and commit ID,,
redis/src/bio.c,146,4df037962dd446a4a686e2b6d56d5367b6c9f0db
redis/src/anet.c,624,5a3de81925130792f78c35e9e4d0204213a3a41e
redis/src/anet.c,659,bb16cf0f4faad53387b6f51f294109f791b1d434
List of buggy functions and commit ID,,
redis/src/t_zset.c,345,8827dc4eec0130e292387db0e81930bd8515dd0e
redis/src/t_zset.c,3454,62d774e5ba6056be39012ecedb88c3fec10304fb
redis/src/geo.c,303,b26e8e321346518574ed7093df1fb6b8be9fd7d9
List of buggy functions and commit ID,,
redis/deps/linenoise/linenoise.c,301,8a05f0092b0e291498b8fdb8dd93355467ceab25
redis/deps/linenoise/linenoise.c,1139,8a98b8d0c9e99df9cf83a08cb032657531598e18
redis/deps/linenoise/linenoise.c,330,bbf364a442b463f3cf0d310ad052727de68a493a
,,
PEH bugs in Curl,,
List of buggy functions and commit ID,,
curl-main/curl/lib/setopt.c,234,dafdb20a26d0c890e83dea61a104b75408481ebd
curl-main/curl/lib/setopt.c,3213,cfe7902111ae5478738c7ace8086db74963b87c6
curl-main/curl/lib/setopt.c,244,dafdb20a26d0c890e83dea61a104b75408481ebd
curl-main/curl/lib/setopt.c,754,6ebe63fac23f38df911edc348e8ccc72280f9434
curl-main/curl/lib/setopt.c,844,6ebe63fac23f38df911edc348e8ccc72280f9434
List of buggy functions and commit ID,,
curl-main/curl/lib/vquic/curl_quiche.c,651,d7eafb1d558f92bfb70e231b11bb29c18e9ccaa4
curl-main/curl/lib/vtls/gtls.c,508,9cf47593542c6f5fb09e5c2651a56706e953d87d
curl-main/curl/lib/vtls/gtls.c,490,9cf47593542c6f5fb09e5c2651a56706e953d87d
curl-main/curl/lib/vtls/gtls.c,304,8cee4c92389a9cd024c438b65fa266a5d0e1456e
curl-main/curl/lib/vtls/gtls.c,1769,8830df8b66651c0fc4e9273c37cb373947674997
,,
PEH bugs in HandBrake,,
List of buggy functions and commit ID,,
HandBrake/libhb/fifo.c,802,4a79916632f646a6654720e313da35f5ad05db39
HandBrake/libhb/rendersub.c,743,3712b297c3487780d31151362b85c49ca27ff8ad
List of buggy functions and commit ID,,
HandBrake/libhb/qsv_libav.c,433,ac6c1ab005cad9c78bb427aad7be6c9af6d22816
HandBrake/libhb/qsv_libav.c,436,ac6c1ab005cad9c78bb427aad7be6c9af6d22816
HandBrake/libhb/qsv_libav.c,422,ac6c1ab005cad9c78bb427aad7be6c9af6d22816
HandBrake/libhb/enc_qsv.c,2262,7ba6199f7c4e0f5903e4174bb00bceca526acbb8
HandBrake/libhb/qsv_libav.c,425,ac6c1ab005cad9c78bb427aad7be6c9af6d22816
List of buggy functions and commit ID,,
HandBrake/libhb/audio_resample.c,29,282ddc84776683667e417a62186be57b97be3eab
HandBrake/libhb/declpcm.c,182,ebe7a46debf25f8c6b84320f69dd00d83a5a0b45
HandBrake/libhb/decavcodec.c,420,ebe7a46debf25f8c6b84320f69dd00d83a5a0b45
List of buggy functions and commit ID,,
HandBrake/libhb/hb_dict.c,520,a44ccb49f182d4eeb122fbe675b28deb5c36b793
HandBrake/libhb/preset.c,3947,7e5bbec56e9ee7b47d54d6e8ebfe912467479608
,,
PEH bugs in Sway,,
List of buggy functions and commit ID,,
sway/desktop/layer_shell.c,204,2c2625acd3a89ef2c4caa4094a3a51001041a524
sway/desktop/transaction.c,616,023f6b0a50dd4fe17a29d7f02922e18ef37df857
sway/scene_descriptor.c,42,f855b0898bf00285d5a7b840963b327230486632
List of buggy functions and commit ID,,
sway/commands/output.c,86,5ea4a4d3eec897b915003ad7fc2b2e274d1a59c1
sway/commands.c,441,7c810dc344c28d1876c5ee158cb0806289d0f813
sway/commands/bar.c,81,e4f1ffe6015fbd33994a18f1de65cbd62c177a83
List of buggy functions and commit ID,,
swaybar/ipc.c,551,03daa53a0ef63d2a72acda05e94e5ba5c0b50d33
swaybar/bar.c,485,333dbcbe72b6af95573e374b66ad6ab63f274299
List of buggy functions and commit ID,,
sway/desktop/launcher.c,80,66568508c06267445489d655c91c94a34d6d9ffe
swaybar/bar.c,178,1fd2c6ba498e61f4fe823bf552f9d2fce8612de4
swaybar/bar.c,258,50d36ef238182c33bca8dfc01dd56957e31ff6bd
List of buggy functions and commit ID,,
sway/config.c,417,4eeca10a8a1bdef73c0ad7dc8e4d74bb31507676
sway/config.c,600,a7f7d4a488c8d3b2461122765f9904c8a411a583
,,
PEH bugs in BPF Compiler Collection,,
List of buggy functions and commit ID,,
bcc/src/cc/bcc_elf.c,742,68b8d3017c296d3c266e540f27ea5cf04c6c0f72
bcc/src/cc/bcc_elf.c,1321,75fe69ed28e4b8ba1f954025c889cc5c884e0c99
List of buggy functions and commit ID,,
bcc/src/cc/bcc_elf.c,750,a0d649e7d3251fdbb913b7349e9b601cc2d2776b
bcc/src/cc/bcc_elf.c,701,01553853352b5e86704c7fd37f2cfadbf3ef2d6d
bcc/src/cc/bcc_elf.c,840,8ddbf3b7f63db40ca2396e7a5eca7cdff2450b99
bcc/src/cc/bcc_elf.c,1321,75fe69ed28e4b8ba1f954025c889cc5c884e0c99
List of buggy functions and commit ID,,
bcc/src/cc/bcc_elf.c,664,01553853352b5e86704c7fd37f2cfadbf3ef2d6d
bcc/src/cc/bcc_elf.c,1321,75fe69ed28e4b8ba1f954025c889cc5c884e0c99
List of buggy functions and commit ID,,
bcc/src/cc/bcc_elf.c,877,7eef39cf797b7540a69d58e2e2cf22a611ebdf45
bcc/src/cc/bcc_elf.c,1321,75fe69ed28e4b8ba1f954025c889cc5c884e0c99
,,
PEH bugs in ESP-IDF,,
List of buggy functions and commit ID,,
esp-idf/components/bt/host/bluedroid/bta/gatt/bta_gattc_cache.c,288,39c03e0ce05d26448d338d4a5b654885216089ee
esp-idf/components/bt/esp_ble_mesh/common/timer.c,91,5bab168b0e0c09cc0778a614314acf2d274a3006
esp-idf/components/bt/esp_ble_mesh/core/beacon.c,506,5bab168b0e0c09cc0778a614314acf2d274a3006
List of buggy functions and commit ID,,
esp-idf/components/wpa_supplicant/src/eap_peer/eap_tls_common.c,325,bb16734aa90a5129d087c7a5ad50ffab6dddd065
esp-idf/components/wpa_supplicant/src/rsn_supp/wpa.c,1646,0960aa8d87779e2edaf49b2affa4147d00990206
esp-idf/components/wpa_supplicant/src/tls/tlsv1_cred.c,1015,c2429f1cf9106504422da7194a42a62df5141a8b
List of buggy functions and commit ID,,
esp-idf/components/wpa_supplicant/src/wps/wps_enrollee.c,182,ecc87cfc8d6bbeb44217f4b019e90268079f7804
esp-idf/components/wpa_supplicant/src/wps/wps_registrar.c,2019,ecc87cfc8d6bbeb44217f4b019e90268079f7804
esp-idf/components/wpa_supplicant/src/tls/tlsv1_client_read.c,783,50b4cf92860d99cdd3815793ac29b5e40cdb2323
List of buggy functions and commit ID,,
esp-idf/components/wpa_supplicant/src/wps/wps_enrollee.c,182,ecc87cfc8d6bbeb44217f4b019e90268079f7804
esp-idf/components/wpa_supplicant/src/wps/wps_registrar.c,2019,ecc87cfc8d6bbeb44217f4b019e90268079f7804
esp-idf/components/wpa_supplicant/src/tls/tlsv1_client_read.c,783,50b4cf92860d99cdd3815793ac29b5e40cdb2323
List of buggy functions and commit ID,,
esp-idf/components/vfs/vfs.c,465,b6a9acfc071b53b392ddfd233f166f45bdddace6
esp-idf/components/vfs/vfs_semihost.c,490,305592f1aa8850d749a4dc6a61584a8df9b069c3
esp-idf/components/esp_hw_support/esp_clock_output.c,127,b85736f6a60eb33502253d0119983d7c7c18cd19
List of buggy functions and commit ID,,
esp-idf/components/wpa_supplicant/src/wps/wps_registrar.c,1340,ecc87cfc8d6bbeb44217f4b019e90268079f7804
esp-idf/components/wpa_supplicant/src/eap_peer/eap_tls.c,238,5c0fb109028d25a2a0ea348d40fa22a423ce24f5
List of buggy functions and commit ID,,
esp-idf/components/wpa_supplicant/src/wps/wps_registrar.c,1388,ecc87cfc8d6bbeb44217f4b019e90268079f7804
esp-idf/components/wpa_supplicant/src/eap_peer/eap_peap.c,1183,5c0fb109028d25a2a0ea348d40fa22a423ce24f5
esp-idf/components/wpa_supplicant/src/eap_peer/eap_tls.c,238,5c0fb109028d25a2a0ea348d40fa22a423ce24f5
,,
PEH bugs in OpenVPN,,
List of buggy functions and commit ID,,
openvpn/src/openvpn/console_builtin.c,216,81d882d5302b8b647202a6893b57dfdc61fd6df2
openvpn/sample/sample-plugins/client-connect/sample-client-connect.c,327,94cebf8261d20a55b0260cce61ad892a98bc24d8
openvpn/src/openvpn/ssl_verify_mbedtls.c,243,c58c7c3c669461805956dabc703c1279fe58eeee
List of buggy functions and commit ID,,
openvpn/src/openvpn/networking_sitnl.c,219,c6542257019ba66a98b817d3b851621dd553f80a
openvpn/src/openvpn/networking_sitnl.c,817,db3d737ba3ef9d83c5ceffa2f653d0ee4a8abb54
openvpn/src/openvpn/manage.c,1901,298f3bedbc42578d39055990669f7dda0f787d68
openvpn/src/openvpn/networking_sitnl.c,579,c6542257019ba66a98b817d3b851621dd553f80a
openvpn/src/openvpn/networking_sitnl.c,610,c6542257019ba66a98b817d3b851621dd553f80a
List of buggy functions and commit ID,,
openvpn/src/openvpn/networking_sitnl.c,296,c6542257019ba66a98b817d3b851621dd553f80a
openvpn/src/openvpn/networking_sitnl.c,817,db3d737ba3ef9d83c5ceffa2f653d0ee4a8abb54
openvpn/src/openvpn/networking_sitnl.c,579,c6542257019ba66a98b817d3b851621dd553f80a
openvpn/src/openvpn/networking_sitnl.c,610,c6542257019ba66a98b817d3b851621dd553f80a
List of buggy functions and commit ID,,
openvpn/src/openvpn/networking_sitnl.c,817,db3d737ba3ef9d83c5ceffa2f653d0ee4a8abb54
openvpn/src/openvpn/networking_sitnl.c,579,c6542257019ba66a98b817d3b851621dd553f80a
openvpn/src/openvpn/networking_sitnl.c,610,c6542257019ba66a98b817d3b851621dd553f80a
List of buggy functions and commit ID, , 
openvpn/src/openvpnserv/interactive.c,1378,18826de5737789cb74b48fc40a9ff5cb37d38d98
openvpn/src/openvpnserv/validate.c,167,6370f703573c6284e0b3c5935ab204285cdda8e6
openvpn/src/tapctl/tap.c,76,e5e9a07e8baee4065b7dfd65736bfa77b8329cfc
List of buggy functions and commit ID,,
openvpn/tests/unit_tests/openvpn/test_pkcs11.c,375,3013fde1c8290830d424b9f4ea84ee7c7dbfb75e
openvpn/src/openvpn/manage.c,853,81d882d5302b8b647202a6893b57dfdc61fd6df2
openvpn/src/openvpn/pkcs11_mbedtls.c,94,03c8bfc90fbc63007f62d3ed165942d149225551
openvpn/src/openvpn/pkcs11_mbedtls.c,115,03c8bfc90fbc63007f62d3ed165942d149225551
openvpn/src/openvpn/pkcs11_mbedtls.c,140,03c8bfc90fbc63007f62d3ed165942d149225551
List of buggy functions and commit ID,,
openvpn/src/openvpn/ps.c,992,1387f52682dcd3789c56c9979ccedca281ff88f4
openvpn/src/openvpn/socket.c,2706,81d882d5302b8b647202a6893b57dfdc61fd6df2
List of buggy functions and commit ID,,
openvpn/src/openvpn/crypto.c,1671,81d882d5302b8b647202a6893b57dfdc61fd6df2
openvpn/src/openvpn/ssl.c,1519,15d0524327a10c2999f37375688196f8452f1029
openvpn/src/openvpn/ssl.c,1557,6a5612fe82453915755aca945ff4e876a25f582a
List of buggy functions and commit ID,,
openvpn/sample/sample-plugins/log/log.c,81,a61c08a2c80d95dcc2bc30ddcb9a54a462e565ed
openvpn/src/openvpn/cryptoapi.c,512,862cbe538b6d53435f60065b0235639095c9ad0d
openvpn/tests/unit_tests/openvpn/test_cryptoapi.c,415,0267649a21a2af1b60fbddcb78b0ed642080d6fd
openvpn/sample/sample-plugins/client-connect/sample-client-connect.c,438,94cebf8261d20a55b0260cce61ad892a98bc24d8
openvpn/sample/sample-plugins/client-connect/sample-client-connect.c,496,94cebf8261d20a55b0260cce61ad892a98bc24d8
List of buggy functions and commit ID,,
openvpn/src/openvpn/ssl_mbedtls.c,756,b3c24842a807014c1663eed6f79e888d73182205
openvpn/src/openvpn/pkcs11_mbedtls.c,100,03c8bfc90fbc63007f62d3ed165942d149225551
List of buggy functions and commit ID,,
openvpn/src/openvpn/xkey_helper.c,75,199df03bf57339661a853cb764ea41a0c8349b95
openvpn/src/openvpn/pkcs11_openssl.c,179,6121001ed82914f336da081bb8aefaeb055450cb
openvpn/src/openvpn/xkey_provider.c,1062,25f9c47127190c487eb3b4b4a3f5553fb2d62b21
,,
PEH bugs in iSH,,
List of buggy functions and commit ID,,
ish/kernel/resource.c,42,a94a56cfb432e1d899bd3c50bc9176951f8035cc
ish/kernel/resource.c,119,bf3b711cdd94aba61c828e936da556187cd34f9e
ish/kernel/resource.c,132,bf3b711cdd94aba61c828e936da556187cd34f9e
List of buggy functions and commit ID,,
ish/emu/tlb.c,25,99dc0f5b873a94cc3f9b8e6846b5d2baa14d351c
ish/emu/tlb.c,28,99dc0f5b873a94cc3f9b8e6846b5d2baa14d351c
ish/emu/tlb.c,39,99dc0f5b873a94cc3f9b8e6846b5d2baa14d351c
ish/emu/tlb.c,42,99dc0f5b873a94cc3f9b8e6846b5d2baa14d351c
ish/emu/tlb.h,68,255f8f18c8e0beb0415cc1b1d5d1e66adfd902a0
List of buggy functions and commit ID,,
ish/util/sync.c,32,0f2b5d3688a79682345e1bbaa442638895ad248b
ish/fs/tty.c,455,cb7430a24dcd017da5eff4ddeb2a76f739a3d8b3
ish/util/sync.c,37,0f2b5d3688a79682345e1bbaa442638895ad248b
List of buggy functions and commit ID,,
ish/util/sync.c,35,fc157975f7564ebd5e0d643330148133e3f154b1
ish/fs/tty.c,455,cb7430a24dcd017da5eff4ddeb2a76f739a3d8b3
,,
PEH bugs in Linux Kernel,,
List of buggy functions and commit ID,,
kernel/sysctl.c,366,7f2923c4f73f21cfd714d12a2d48de8c21f11cfe
kernel/sysctl.c,515,00b7c3395aec3df43de5bd02a3c5a099ca51169f
List of buggy functions and commit ID,,
kernel/trace/trace_boot.c,155,fdeb1aca2861472b38779be44141757483300827
kernel/trace/trace_boot.c,477,3fbe2d6e1fce255d918b622fb2af22e98364a154
List of buggy functions and commit ID,,
kernel/sched/cputime.c,256,73fbec604432e1fbfeb1bc59a110dac1f98160f6
kernel/sched/cputime.c,502,2b1f967d80e8e5d7361f0e1654c842869570f573
kernel/sched/cputime.c,531,f9bcf1e0e0145323ba2cf72ecad5264ff3883eb1
List of buggy functions and commit ID,,
kernel/livepatch/core.c,946,958ef1e39d24d6cb8bf2a7406130a98c9564230f
kernel/livepatch/core.c,1111,958ef1e39d24d6cb8bf2a7406130a98c9564230f
kernel/livepatch/core.c,888,cad706df7e4a00a595f2662f32c0fc174aa4e61f
List of buggy functions and commit ID,,
kernel/trace/trace_osnoise.c,2041,e88ed227f639ebcb31ed4e5b88756b47d904584b
kernel/trace/trace_osnoise.c,2906,a955d7eac1779b437ceb24fc352026a2cbcec140
kernel/trace/trace_osnoise.c,2989,2fac8d6486d5c34e2ec7028580142b8209da3f92
List of buggy functions and commit ID,,
kernel/trace/trace_events.c,3099,ae63b31e4d0e2ec09c569306ea46f664508ef717
kernel/trace/trace_events.c,2901,a01fdc897fa56ffb596d0a0cd7ea2ab3bd8398c5
kernel/trace/trace_events.c,3589,772482216f170ddc62fa92a3cc3271cdd1993525
List of buggy functions and commit ID,,
kernel/printk/printk_ringbuffer.c,640,d397820f36ffe4701343b6ee12687d60db0ed8db
kernel/printk/printk_ringbuffer.c,812,584da076866f38ffb952efcc25af039f9551df81
kernel/printk/printk.c,2232,6b916706f8f09348cfa4fdd3642ebf87d6a2a26b
List of buggy functions and commit ID,,
kernel/cpu.c,1621,757c989b9994f51b42d6be1bd33c7c12d16a3ac7
kernel/cpu.c,1942,e3920fb42c8ddfe63befb54d95c0e13eabacea9b
kernel/cpu.c,1630,757c989b9994f51b42d6be1bd33c7c12d16a3ac7
kernel/cpu.c,1413,757c989b9994f51b42d6be1bd33c7c12d16a3ac7
List of buggy functions and commit ID,,
kernel/power/swap.c,563,4ff277f9e42fa16314045bd124a61519286094c0
kernel/power/snapshot.c,557,f469f02dc6fa67f6c6a7d91400d08b9339147aed
kernel/power/snapshot.c,2589,940864ddabdb180e02041c4dcd46ba6f9eee732f
kernel/power/snapshot.c,2720,69643279a88dea000ac2f858091d0e365f778245
List of buggy functions and commit ID,,
kernel/acct.c,181,6aa7de059173a986114ac43b8f50b297a86f09a8
kernel/acct.c,170,2798d4ce61601808b965253d60624bbf201b51b0
kernel/acct.c,597,b8f00e6be46f4c9a112e05fd692712873c4c4048
List of buggy functions and commit ID,,
kernel/power/snapshot.c,2589,940864ddabdb180e02041c4dcd46ba6f9eee732f
kernel/power/snapshot.c,2720,69643279a88dea000ac2f858091d0e365f778245
kernel/dma/debug.c,664,ad78dee0b630527bdfed809d1f5ed95c601886ae
kernel/power/swap.c,920,3aef83e0ef1ffb8ea3bea97be46821a45c952173
List of buggy functions and commit ID,,
kernel/irq/manage.c,1514,b6873807a7143b7d6d8b06809295e559d07d7deb
kernel/irq/manage.c,2575,be45beb2df6909d42a6b3b0052601b3eef878fc0
kernel/time/alarmtimer.c,106,51218298a25e6942957c5595f2abf130d47d5df9
List of buggy functions and commit ID,,
kernel/events/uprobes.c,1164,66d06dffa5ef6f3544997440af63a91ef36a2171
kernel/events/uprobes.c,740,22bad38286d9a652d7061a02f9743bb2ebb84e59
List of buggy functions and commit ID,,
kernel/power/hibernate.c,389,48580ab8729865c81e148d59159fbe2aa7865511
kernel/power/hibernate.c,382,2aede851ddf08666f68ffc17be446420e9d2a056
kernel/power/hibernate.c,382,2aede851ddf08666f68ffc17be446420e9d2a056
kernel/power/user.c,312,51d6ff7acd920379f54d0be4dbe844a46178a65f
List of buggy functions and commit ID,,
kernel/kprobes.c,2725,f438d914b220051d4cbc65cbc5d98e163c85c93b
kernel/trace/trace_kprobe.c,489,45408c4f92506dbdfef1721f2613e1426de00894
kernel/trace/trace_kprobe.c,692,614243181050436785f5a621749a7da2336a7916
List of buggy functions and commit ID,,
kernel/power/hibernate.c,382,2aede851ddf08666f68ffc17be446420e9d2a056
kernel/power/user.c,312,51d6ff7acd920379f54d0be4dbe844a46178a65f
List of buggy functions and commit ID,,
kernel/power/suspend.c,568,55f2503c3b69328735e88031ff8d6ba291bd952b
kernel/locking/test-ww_mutex.c,637,c22fb3807fd0a3bdd98c13c4d2190ab064e6c09d
kernel/locking/test-ww_mutex.c,139,1415b49bcd321bca7347f43f8b269c91ec46d1dc
kernel/locking/test-ww_mutex.c,641,70207686e492fb97c11d88ae7d8ebce7d2d080aa
kernel/power/user.c,269,55f2503c3b69328735e88031ff8d6ba291bd952b
List of buggy functions and commit ID,,
kernel/trace/trace_kprobe.c,486,715fa2fd4c6c3e9165659ac26a582b8a2e607b93
kernel/trace/trace_kprobe.c,692,614243181050436785f5a621749a7da2336a7916
List of buggy functions and commit ID,,
kernel/trace/trace_kprobe.c,489,45408c4f92506dbdfef1721f2613e1426de00894
kernel/trace/trace_kprobe.c,692,614243181050436785f5a621749a7da2336a7916
List of buggy functions and commit ID,,
kernel/bpf/preload/bpf_preload_kern.c,46,d71fa5c9763c24dd997a2fa4feb7a13a95bab42c
kernel/bpf/preload/bpf_preload_kern.c,79,d71fa5c9763c24dd997a2fa4feb7a13a95bab42c
List of buggy functions and commit ID,,
kernel/fork.c,1295,41f727fde1fe40efeb4fef6fdce74ff794be5aeb
kernel/fork.c,1298,41f727fde1fe40efeb4fef6fdce74ff794be5aeb
kernel/fork.c,1301,223baf9d17f25e2608dbdff7232c095c1e612268
kernel/fork.c,1305,f1a7941243c102a44e8847e3b94ff4ff3ec56f25
kernel/fork.c,1686,bfedb589252c01fa505ac9f6f2a3d5d68d707ef4
List of buggy functions and commit ID,,
kernel/bpf/core.c,984,8a98ae12fbefdb583a7696de719a1d57e5e940a2
kernel/bpf/core.c,1025,3486bedd99196ecdfe99c0ab5b67ad3c47e8a8fa
kernel/bpf/core.c,1079,33c9805860e584b194199cab1a1e81f4e6395408
kernel/bpf/helpers.c,1717,2c78ee898d8f10ae6fb2fa23a3fbaec96b1b7366
List of buggy functions and commit ID,,
kernel/power/snapshot.c,2053,64a473cb74a88cb4991edf985d55a266e65292e1
kernel/power/snapshot.c,2082,eba74c294467d55c697e2199c37dfaf8126fe396
List of buggy functions and commit ID,,
kernel/user.c,206,1e1c15839df084f4011825fee922aa976c9159dc
kernel/fork.c,1305,f1a7941243c102a44e8847e3b94ff4ff3ec56f25
kernel/fork.c,1686,bfedb589252c01fa505ac9f6f2a3d5d68d707ef4
List of buggy functions and commit ID,,
kernel/trace/trace_output.c,761,060fa5c83e67901ba47ab484cfcdb32737d630ba
kernel/trace/blktrace.c,1591,9023c930902fbbcf0cebf6110828700f792989a4
kernel/trace/trace_functions_graph.c,1427,9023c930902fbbcf0cebf6110828700f792989a4
kernel/trace/trace_functions_graph.c,1432,9023c930902fbbcf0cebf6110828700f792989a4
List of buggy functions and commit ID,,
kernel/cpu.c,633,b284909abad48b07d3071a9fc9b5692b3e64914b
kernel/cpu.c,1702,05736e4ac13c08a4a9b1ef2de26dd31a32cbee57
List of buggy functions and commit ID,,
kernel/events/uprobes.c,850,803200e24abf0f9ec18631290d26b2185477f3a6
kernel/events/uprobes.c,897,cb9a19fe4aa51afa34786bd383e6614fa0083d58
List of buggy functions and commit ID,,
kernel/locking/test-ww_mutex.c,637,c22fb3807fd0a3bdd98c13c4d2190ab064e6c09d
kernel/locking/test-ww_mutex.c,139,1415b49bcd321bca7347f43f8b269c91ec46d1dc
kernel/locking/test-ww_mutex.c,641,70207686e492fb97c11d88ae7d8ebce7d2d080aa
List of buggy functions and commit ID,,
kernel/power/snapshot.c,1377,25761b6eb7b33823bcfff6bfe2a015badcd76fb8
kernel/power/snapshot.c,1418,846705deb059c352cc0e5806d5964f815b8c6d98
kernel/power/snapshot.c,1389,abd02ac616e32d818a0478e68924beac8ba5e5d8
kernel/power/snapshot.c,1396,c6968e73b90c2a2fb9a32d4bad249f8f70f70125
kernel/power/snapshot.c,2317,3363e0adb3931e987caa6404327b35ea2db231d8
List of buggy functions and commit ID,,
linux-6-5-mm/filemap.c,2392,68430303c84e1fd457a05f424b02ea8393708552
linux-6-5-mm/filemap.c,2396,68430303c84e1fd457a05f424b02ea8393708552
linux-6-5-mm/filemap.c,3463,9184a307768bf66af1f67d903d7b00725b7a6e8c
linux-6-5-mm/filemap.c,2518,f253e1854ce8441eefe98f193def2c477a017d81
List of buggy functions and commit ID,,
linux-6-5-mm/mremap.c,80,c2febafc67734a62196c1b9dfba926412d4077ba
linux-6-5-mm/mremap.c,93,1da177e4c3f41524e886b7f1b8a0c1fc7321cac2
linux-6-5-mm/userfaultfd.c,297,c2febafc67734a62196c1b9dfba926412d4077ba
linux-6-5-mm/userfaultfd.c,300,c2febafc67734a62196c1b9dfba926412d4077ba
List of buggy functions and commit ID,,
linux-6-5-mm/mremap.c,66,37a1c49a91ad55f917a399ef2174b5ebda4283f9
linux-6-5-mm/vmalloc.c,699,c0eb315ad9719e41ce44708455cc69df7ac9f3f8
linux-6-5-mm/kasan/report.c,401,430a05f91d6051705a6ddbe207735ca62e39bb80
List of buggy functions and commit ID,,
linux-6-5-mm/vmalloc.c,2668,688fcbfc06e4fdfbb7e1d5a942a1460fe6379d2d
linux-6-5-mm/vmalloc.c,3869,833423143c3a7c6545e409d65febd0d92deb351b
List of buggy functions and commit ID,,
linux-6-5-mm/hmm.c,141,a3eb13c1579ba97d79fbbc98bc5b1296a3688a25
linux-6-5-mm/hmm.c,340,2733ea144dcce789de20988c1056e228a07b1bff
linux-6-5-mm/hmm.c,349,2733ea144dcce789de20988c1056e228a07b1bff
linux-6-5-mm/hmm.c,378,2733ea144dcce789de20988c1056e228a07b1bff
List of buggy functions and commit ID,,
linux-6-5-mm/gup.c,1331,d61172b4b695b821388cdb6088a41d431bcbb93b
linux-6-5-mm/gup.c,1383,d4925e00d59698a201231cf99dce47d8b922bb34
linux-6-5-mm/gup.c,1093,d61172b4b695b821388cdb6088a41d431bcbb93b
linux-6-5-mm/gup.c,1708,eb2faa513c246ed47ae34a205928ab663bc5a18f
List of buggy functions and commit ID,,
linux-6-5-mm/mmap.c,3247,d0601a500c35856f9c134126b2423c9cfc86c701
linux-6-5-mm/mmap.c,3522,462e635e5b73ba9a4c03913b77138cd57ce4b050
List of buggy functions and commit ID,,
linux-6-5-mm/gup.c,1053,1507f51255c9ff07d75909a84e7c0d7f3c4b2f49
linux-6-5-mm/gup.c,1708,eb2faa513c246ed47ae34a205928ab663bc5a18f
linux-6-5-mm/gup.c,1065,f347454d034184b4f0a2caf6e14daf7848cea01c
linux-6-5-mm/gup.c,1093,d61172b4b695b821388cdb6088a41d431bcbb93b
List of buggy functions and commit ID,,
block/bsg-lib.c,246,aa387cc895672b00f807ad7c734a2defaf677712
block/blk-map.c,143,130879f1ee0e25b0391b8c78b3baac6fe41f4d38
List of buggy functions and commit ID,,
block/blk-throttle.c,1014,d609af3a1397511a7a2c213f9f855fa82df771ee
block/mq-deadline.c,352,c807ab520fc3fd056c47c74ced63f9d3991a171b
block/blk-iocost.c,2608,f1de2439ec43b74764f2a26e3a310b24407e3bde
block/blk-iocost.c,1297,8b37bc277fb459fa100808880a9d4e0641fff444
block/blk-mq.c,1854,c27d53fb445f2d93a1918c3dd7344770b0cd865b
List of buggy functions and commit ID,,
block/genhd.c,1351,b6553bef8cdc2983943f60edb8dc5e49361ebb3b
block/blk-mq.c,4143,22c17e279a1b03bad7987e4a4192b289b890f293
List of buggy functions and commit ID,,
block/bio.c,1781,be4d234d7aebbfe0c233bc20b9cdef7ab3408ff4
block/genhd.c,1331,46754bd056053785d7079f1d48f7f571728dcb47
block/blk-mq.c,4143,22c17e279a1b03bad7987e4a4192b289b890f293
List of buggy functions and commit ID,,
block/genhd.c,1331,46754bd056053785d7079f1d48f7f571728dcb47
block/blk-mq.c,4143,22c17e279a1b03bad7987e4a4192b289b890f293
List of buggy functions and commit ID,,
block/genhd.c,1348,a33df75c6328bf40078b35f2040d8e54d574c357
block/blk-mq.c,4143,22c17e279a1b03bad7987e4a4192b289b890f293
block/genhd.c,1328,f93af2a494e1d28377065a2320d11da98110a970
List of buggy functions and commit ID,,
block/blk-cgroup.c,315,ef069b97feec11c2399bbc5f6f347b35482105dc
block/blk-cgroup.c,1410,d708f0d5026f48081debdd1c5b0a5636455a9589
block/genhd.c,1351,b6553bef8cdc2983943f60edb8dc5e49361ebb3b
block/blk-mq.c,4143,22c17e279a1b03bad7987e4a4192b289b890f293
